time_step,new_reqs_presented,reqs_rejected,reqs_abandonned,obj_cost,in_transit_carried_over,solve_time_seconds,mip_gap,node_count,solve_status
0,18,9,0,2180.104199999946,8,300.02986192703247,0.9907956298834519,71311.0,9
10,16,13,0,3249.6641999999,8,300.0116331577301,0.9912749682204749,22800.0,9
20,18,10,9,2641.902599999984,12,300.03013801574707,0.9911115761799852,16139.0,9
