time_step,new_reqs_presented,reqs_rejected,reqs_abandonned,obj_cost,in_transit_carried_over,solve_time_seconds,mip_gap,node_count,solve_status
0,5,0,0,21.777978844867164,4,45.1127610206604,0.0,27678.0,2
10,8,8,0,203.7594,0,0.09519386291503906,inf,0.0,10
20,16,3,0,147.7216,13,480.06416511535645,0.7836109653436684,85247.0,9
30,14,12,0,370.70640000000003,12,480.0436758995056,0.8419139480743236,86834.0,9
40,15,11,2,769.6796989749903,11,480.0717101097107,0.39886805560406874,75464.0,9
50,14,11,1,1122.7806402036317,10,480.04807806015015,0.25711959361522885,101246.0,9
60,8,4,8,518.3049520358536,12,480.0168490409851,0.2752985632011608,257922.0,9
