time_step,new_reqs_presented,reqs_rejected,reqs_abandonned,obj_cost,in_transit_carried_over,solve_time_seconds,mip_gap,node_count,solve_status
0,18,10,0,2350.3292999999967,8,120.01826500892639,0.9924434051828843,1876.0,9
10,17,12,0,2934.7606999998166,7,121.04679703712463,0.9923195327873465,2366.0,9
20,20,15,6,3562.0139915400714,8,120.02593803405762,0.9946318355704646,1043.0,9
30,20,17,2,4094.233799999983,8,121.81705021858215,0.9946142175732662,3301.0,9
40,24,23,3,5899.444699999896,6,120.01705002784729,0.9957458384156304,25.0,9
50,29,25,6,5517.474099999972,6,120.02507591247559,0.9957780004543567,107.0,9
60,31,27,6,6332.239199999958,7,120.05149292945862,0.9974058745129115,132.0,9
