time_step,new_reqs_presented,reqs_rejected,reqs_abandonned,obj_cost,in_transit_carried_over,solve_time_seconds,mip_gap,node_count,solve_status
0,5,0,0,50.20618955556564,5,39.665245056152344,0.0,21808.0,2
10,13,9,0,347.13858995599713,8,480.01657795906067,0.9134095743421498,285940.0,9
20,17,15,0,714.1880908003689,8,480.0255551338196,0.8004374525712852,200568.0,9
30,25,22,0,1501.088799999643,9,480.0314509868622,0.8855565374419774,88186.0,9
40,22,22,8,3079.727549999109,8,480.14116287231445,0.8563458563758513,93579.0,9
50,24,22,6,4049.895249999865,10,480.016263961792,0.8178577048985914,28365.0,9
60,19,18,6,5550.59449999979,10,480.01848101615906,0.6866815378103378,177978.0,9
