time_step,new_reqs_presented,reqs_rejected,reqs_abandonned,obj_cost,in_transit_carried_over,solve_time_seconds,mip_gap,node_count,solve_status
0,23,8,0,243.3500000000001,15,480.04909205436707,0.9529423875455167,27825.0,9
10,23,12,0,369.35129999994825,17,480.07073307037354,0.9195952085136894,2074.0,9
20,20,16,5,815.32264999968,16,480.10970401763916,0.6750331852683856,13000.0,9
30,35,33,3,2404.9263499997837,17,483.070139169693,0.9203893903451281,1797.0,9
