time_step,new_reqs_presented,reqs_rejected,reqs_abandonned,obj_cost,in_transit_carried_over,solve_time_seconds,mip_gap,node_count,solve_status
0,18,8,0,2215.2892999996493,9,240.01576209068298,0.9933105678143882,73094.0,9
10,15,10,0,2447.1625999999533,9,240.02229809761047,0.9912679796984991,44980.0,9
20,19,13,5,2951.520399999985,11,240.02085089683533,0.9948790346504233,20227.0,9
30,19,17,1,3834.853999999959,8,245.9352250099182,0.9943752989077987,5083.0,9
40,25,22,2,5173.0059999999785,8,251.49415183067322,0.9851692909950878,6872.0,9
50,25,22,9,5330.464699999998,7,240.17048001289368,0.9818742086400776,5379.0,9
60,30,26,4,6040.685799999858,6,245.96530985832214,0.9793760243012717,7347.0,9
