time_step,new_reqs_presented,reqs_rejected,reqs_abandonned,obj_cost,in_transit_carried_over,solve_time_seconds,mip_gap,node_count,solve_status
0,5,0,0,50.206199999999995,5,41.39517688751221,0.0,25322.0,2
10,13,9,0,347.1385956805748,8,480.01591300964355,0.9098697027089574,353907.0,9
20,17,15,0,714.1880783801482,8,480.0273759365082,0.8013899600681932,181341.0,9
30,25,23,0,1859.941592150119,8,480.02928614616394,0.9072145838255286,65945.0,9
40,23,22,8,2072.1409000000012,8,480.0452299118042,0.7871305241087766,102057.0,9
50,24,22,6,2830.539949999986,9,480.07093715667725,0.6629191795308557,84886.0,9
60,18,17,7,4350.748949551774,8,480.02168703079224,0.5912452012588997,177298.0,9
