time_step,new_reqs_presented,reqs_rejected,reqs_abandonned,obj_cost,in_transit_carried_over,solve_time_seconds,mip_gap,node_count,solve_status
0,6,1,0,59.39828454897672,5,214.87169098854065,0.0,469066.0,2
10,11,5,0,171.79109027411454,9,480.0091269016266,0.7901666700366236,321221.0,9
20,14,10,1,305.18118983014233,12,480.01520013809204,0.7910961629794887,288511.0,9
30,14,14,0,2784.2305874322196,12,480.0213279724121,0.8292648634212422,219295.0,9
