time_step,new_reqs_presented,reqs_rejected,reqs_abandonned,obj_cost,in_transit_carried_over
0,12,0,0,125.77800000000025,9
10,8,0,0,147.70200000000114,12
20,11,0,0,170.1257998427609,17
30,7,0,0,128.4867999888993,12
40,11,0,0,157.85539980444446,13
50,6,0,0,149.43499999999767,11
60,11,0,0,153.36279999999897,14
