time_step,new_reqs_presented,reqs_rejected,reqs_abandonned,obj_cost,in_transit_carried_over,solve_time_seconds,mip_gap,node_count,solve_status
0,18,7,0,2067.591999999998,11,300.02345299720764,0.991575942733472,27878.0,9
10,14,9,0,2367.7870999997717,11,300.0167109966278,0.9888375305694204,22951.0,9
20,18,15,5,3867.814499999905,10,300.04664516448975,0.996234891176917,9539.0,9
30,21,18,1,4143.670299999963,8,300.02126002311707,0.9948224300253568,8071.0,9
40,26,21,2,5049.6144999998105,8,300.022381067276,0.9843352175695791,2273.0,9
50,26,22,7,5334.729699999958,9,300.0299508571625,0.9849099623115105,3244.0,9
60,28,24,6,5442.275699999997,9,300.0586450099945,0.9952012232983105,2286.0,9
