time_step,new_reqs_presented,reqs_rejected,reqs_abandonned,obj_cost,in_transit_carried_over,solve_time_seconds,mip_gap,node_count,solve_status
0,18,9,0,2357.047499979611,8,300.0237228870392,0.9979035408297051,35645.0,9
10,16,11,0,2792.8861324422955,10,300.02228593826294,0.9964855250527959,29246.0,9
20,19,12,6,2838.195695962165,11,300.03118896484375,0.9967115485299204,12492.0,9
30,18,16,1,4311.172299999982,9,300.02706694602966,0.9967478821483283,13612.0,9
40,24,22,2,5469.359299999777,7,300.0513799190521,0.998679039447627,5437.0,9
50,28,20,6,4757.855799999805,12,300.0448429584503,0.9980959299144784,6335.0,9
