time_step,new_reqs_presented,reqs_rejected,reqs_abandonned,obj_cost,in_transit_carried_over,solve_time_seconds,mip_gap,node_count,solve_status
0,18,11,0,2537.3301999999994,6,120.01588296890259,0.9970215160413756,128841.0,9
10,18,14,0,3438.5234999999766,7,120.02212905883789,0.9975901492150466,85433.0,9
20,21,17,7,4467.10099999999,8,120.02262282371521,0.9977999909966003,37223.0,9
30,22,17,2,4766.135199999677,10,120.02532196044922,0.9971767035166358,19325.0,9
