time_step,new_reqs_presented,reqs_rejected,reqs_abandonned,obj_cost,in_transit_carried_over,solve_time_seconds,mip_gap,node_count,solve_status
0,18,8,0,1891.9356999999984,8,300.0208749771118,0.9966391464934171,22569.0,9
10,15,10,0,2393.503599999988,10,300.0241189002991,0.995856442023652,24863.0,9
20,17,13,7,3869.2457999999415,10,300.02093982696533,0.9972848596318311,13031.0,9
