time_step,new_reqs_presented,reqs_rejected,reqs_abandonned,obj_cost,in_transit_carried_over,solve_time_seconds,mip_gap,node_count,solve_status
0,12,0,0,162.16849999999977,11,480.0438690185547,0.9534045404529716,192226.0,9
10,8,0,0,205.93249999999898,13,480.1632719039917,0.32227843177108106,44613.0,9
20,11,0,0,193.93149999999878,14,480.31934785842896,0.5218472416037472,20061.0,9
30,7,0,0,128.74049999999988,10,480.15333795547485,0.3446072549887544,43073.0,9
40,11,0,0,159.78470000000016,13,480.2199330329895,0.4651862787863975,30786.0,9
50,6,2,0,52152.8731,10,10.29563283920288,0.03947778473589434,884.0,2
60,13,0,0,1585.0839666671309,14,480.09610509872437,0.9505975342595527,6375.0,9
