time_step,new_reqs_presented,reqs_rejected,reqs_abandonned,obj_cost,in_transit_carried_over,solve_time_seconds,mip_gap,node_count,solve_status
0,5,0,0,18.211799999999997,3,48.05967092514038,0.0408595699375939,23592.0,2
10,11,3,0,109.69799660743345,8,480.0152361392975,0.6371230389335509,218054.0,9
20,10,9,0,222.21089737926513,8,480.0184941291809,0.77959969300511,249633.0,9
30,23,19,0,446.85609589289544,11,480.062705039978,0.8911045229429783,8628.0,9
40,24,22,2,713.2678999999624,7,480.0642499923706,0.6945125082401616,5054.0,9
50,27,22,5,911.5334989136845,11,480.0484969615936,0.5197481820232838,3282.0,9
60,25,22,9,1821.5353999999115,12,480.0425879955292,0.9116738297954085,11181.0,9
