time_step,new_reqs_presented,reqs_rejected,reqs_abandonned,obj_cost,in_transit_carried_over,solve_time_seconds,mip_gap,node_count,solve_status
0,18,10,0,2317.918499999988,6,240.01979684829712,0.9917172124328071,51505.0,9
10,17,10,0,2662.2981514066514,9,240.0256278514862,0.9917147576156276,47775.0,9
