time_step,new_reqs_presented,reqs_rejected,reqs_abandonned,obj_cost,in_transit_carried_over,solve_time_seconds,mip_gap,node_count,solve_status
0,6,1,0,61.04705406086674,5,189.40132689476013,0.0,425192.0,2
10,5,3,0,123.97998228664494,4,480.00854206085205,0.4686436618716826,710694.0,9
20,9,6,1,271.5543845181438,6,480.00685000419617,0.8512286450966249,436765.0,9
30,10,9,0,1115.2654369555498,6,480.0164968967438,0.7225309317096158,392092.0,9
40,11,9,1,2075.865706045984,8,480.0152909755707,0.9820695178646615,362608.0,9
50,15,15,3,3790.5654412648046,8,480.0252299308777,0.973205327054639,279199.0,9
60,17,15,5,6883.790549999032,9,480.0269401073456,0.9431242380375902,250203.0,9
