time_step,new_reqs_presented,reqs_rejected,reqs_abandonned,obj_cost,in_transit_carried_over,solve_time_seconds,mip_gap,node_count,solve_status
0,5,2,0,80.9076759470704,2,45.42576503753662,0.0,24244.0,2
10,8,3,0,128.62258231871465,7,480.0270850658417,0.5329785911022137,483845.0,9
20,8,7,2,499.4400979322404,6,480.0327179431915,0.4559166261281334,564690.0,9
30,13,10,0,385.10512671034115,8,480.04339599609375,0.8620772911877629,232966.0,9
40,15,15,0,834.830457123315,4,1.328557014465332,inf,0.0,10
50,13,9,7,670.4958178421305,7,480.0319130420685,0.34016264442032856,233980.0,9
60,9,7,3,662.742469981602,9,480.0141408443451,0.8313862759174581,468673.0,9
