time_step,new_reqs_presented,reqs_rejected,reqs_abandonned,obj_cost,in_transit_carried_over,solve_time_seconds,mip_gap,node_count,solve_status
0,3,1,0,36.37347627326115,2,31.068774938583374,0.0,628.0,2
10,8,4,0,133.52638625260138,6,480.00629591941833,0.7211256388935519,364695.0,9
20,12,10,1,655.565745895474,6,480.01870799064636,0.877874067418345,359847.0,9
30,19,18,0,1165.0084452137485,6,480.0248718261719,0.6647072378944641,157246.0,9
40,19,19,3,1852.5869398774355,6,480.02668285369873,0.9847999422065188,181835.0,9
50,20,19,7,3459.9864499999712,7,480.0501871109009,0.9927939669474233,163284.0,9
60,18,18,8,4764.89509999982,7,480.0213670730591,0.9516622912429545,176053.0,9
