time_step,new_reqs_presented,reqs_rejected,reqs_abandonned,obj_cost,in_transit_carried_over,solve_time_seconds,mip_gap,node_count,solve_status
0,3,1,0,36.37350000000001,2,30.326257944107056,0.0,239.0,2
10,8,4,0,133.52636295140883,6,480.00987577438354,0.738605866073792,437207.0,9
20,12,10,1,656.4775049381612,6,480.0311920642853,0.8797383988258591,329841.0,9
30,19,18,0,1165.0084320595647,6,480.01642298698425,0.6652880420121211,179483.0,9
40,19,19,3,1852.5869460138185,6,480.02287888526917,0.9847721538226253,187113.0,9
50,20,19,7,3459.9864339674477,7,480.01805305480957,0.9923621365273109,193762.0,9
60,18,18,8,4764.8949677378705,7,480.01803398132324,0.9515584210208227,191455.0,9
