time_step,new_reqs_presented,reqs_rejected,reqs_abandonned,obj_cost,in_transit_carried_over,solve_time_seconds,mip_gap,node_count,solve_status
0,5,0,0,34.396799999999985,5,55.8066132068634,0.0,95068.0,2
10,8,0,0,108.50604890087556,12,480.0109438896179,0.7501879728366057,459085.0,9
20,8,3,0,580.2136242388801,14,480.019198179245,0.5716255672365017,469896.0,9
30,14,12,0,961.3359500000015,12,480.0150821208954,0.6779157128507818,209128.0,9
40,17,13,0,1325.644149999959,15,480.01171803474426,0.9273048844402795,158277.0,9
50,14,10,3,2606.4240883457064,15,480.0168299674988,0.5006761492507407,197624.0,9
60,7,5,8,2754.931695192855,13,480.00894594192505,0.3956428660031138,594386.0,9
