time_step,new_reqs_presented,reqs_rejected,reqs_abandonned,obj_cost,in_transit_carried_over,solve_time_seconds,mip_gap,node_count,solve_status
0,6,1,0,48.99119431597731,4,81.0125150680542,0.049078481659542914,115930.0,2
10,7,3,0,130.81406382762506,6,480.02423000335693,0.6158101692434066,541388.0,9
20,11,10,1,361.1446999999976,6,480.0169951915741,0.7879065144189616,352905.0,9
30,17,15,0,1442.9769499999702,8,480.038213968277,0.8182670501166923,257371.0,9
40,18,16,2,2415.593195065283,8,480.0195050239563,0.70775170101935,199387.0,9
50,17,16,6,2598.590046036999,8,480.03649520874023,0.7335807554146844,244051.0,9
