time_step,new_reqs_presented,reqs_rejected,reqs_abandonned,obj_cost,in_transit_carried_over,solve_time_seconds,mip_gap,node_count,solve_status
0,6,1,0,48.99118975141191,4,119.88201904296875,0.03408003863792018,219948.0,2
10,7,3,0,130.81267007252043,6,480.0532748699188,0.5899714283164746,556978.0,9
20,11,10,1,358.5690887207982,6,480.0548288822174,0.7824952472188542,379343.0,9
30,17,14,0,1193.9455430285727,9,480.02575397491455,0.7823368888589166,260538.0,9
40,17,14,2,2414.965199999967,10,480.0344309806824,0.707191288461756,192532.0,9
50,15,14,6,2677.9292987995477,10,480.0157849788666,0.7405977215195073,227196.0,9
60,16,14,5,3585.2740971244684,10,480.01565313339233,0.5359136156088022,221222.0,9
