time_step,new_reqs_presented,reqs_rejected,reqs_abandonned,obj_cost,in_transit_carried_over,solve_time_seconds,mip_gap,node_count,solve_status
0,5,0,0,31.651299999999992,4,84.34104299545288,0.0,138077.0,2
10,8,0,0,74.96939258748964,9,480.05812215805054,0.6341579162709584,434104.0,9
20,8,2,0,272.9843568877252,14,480.01705408096313,0.7840948278602966,316999.0,9
30,13,10,0,526.0623960546732,14,480.04327607154846,0.9208031897690134,144494.0,9
40,15,11,0,1269.689999999432,13,480.05125403404236,0.8831464368671893,119062.0,9
50,14,10,1,2917.6243360293165,16,480.0314018726349,0.7736994215299546,94300.0,9
60,7,4,8,3847.1358369529535,14,480.02001214027405,0.6775821305344478,418295.0,9
