time_step,new_reqs_presented,reqs_rejected,reqs_abandonned,obj_cost,in_transit_carried_over,solve_time_seconds,mip_gap,node_count,solve_status
0,18,9,0,2329.1385999995305,9,180.26671195030212,0.9922789337940912,2560.0,9
10,16,12,0,2896.671499999932,8,180.06054282188416,0.992256825035612,1879.0,9
20,20,13,6,3249.8686999997603,12,180.0295078754425,0.9951175258249673,1701.0,9
