time_step,new_reqs_presented,reqs_rejected,reqs_abandonned,obj_cost,in_transit_carried_over,solve_time_seconds,mip_gap,node_count,solve_status
0,5,1,0,43.89849745302334,3,40.86937499046326,0.0,21798.0,2
10,7,2,0,126.67587033424901,6,480.0218200683594,0.6917034703564053,518166.0,9
20,13,10,1,340.6688999999994,8,480.0405650138855,0.7508894234302801,269549.0,9
30,17,15,0,437.219699999997,9,480.01821184158325,0.9410698832899362,177054.0,9
40,24,20,0,819.4327983163969,9,480.05790305137634,0.8110097364530998,48500.0,9
50,19,16,8,893.4493999998423,11,480.04852294921875,0.559932494488922,112425.0,9
60,16,16,7,2723.7123791742124,10,480.0282049179077,0.6897260445661489,164283.0,9
