time_step,new_reqs_presented,reqs_rejected,reqs_abandonned,obj_cost,in_transit_carried_over,solve_time_seconds,mip_gap,node_count,solve_status
0,5,1,0,49.757216340208956,3,34.70280909538269,5.1382853672997455e-11,16775.0,2
10,7,3,0,131.6246830260966,5,293.3215708732605,2.897088770274496e-11,638178.0,2
20,14,11,1,324.91050000000007,7,480.00493597984314,0.7314924909438515,489284.0,9
30,18,15,0,372.54609999999866,9,480.01025795936584,0.9391389107798602,282497.0,9
40,24,21,0,673.8170499999995,8,480.0102319717407,0.7701134289503976,170154.0,9
50,19,16,9,838.1384999999973,9,480.00725388526917,0.48005646736885066,274859.0,9
60,17,16,6,900.3097833892222,7,480.0198829174042,0.485322811779802,352675.0,9
