time_step,new_reqs_presented,reqs_rejected,reqs_abandonned,obj_cost,in_transit_carried_over,solve_time_seconds,mip_gap,node_count,solve_status
0,18,10,0,228.5727000000001,7,120.01772499084473,0.9143560306365205,13596.0,9
10,17,13,0,301.94820000000016,8,120.00988698005676,0.9305563911626937,4423.0,9
20,20,17,7,448.1088999999986,9,120.03243112564087,0.8708230732405536,2350.0,9
30,21,19,3,1476.1612999999898,7,121.92374014854431,0.6300926768639671,1796.0,9
40,28,26,1,1703.4922999997157,9,120.02939319610596,0.9130948714750562,821.0,9
50,27,27,11,4090.3515999993424,9,122.82180380821228,0.8401133532656829,2529.0,9
60,33,33,6,7174.198299999951,9,120.03705787658691,0.8302638811921316,256.0,9
