time_step,new_reqs_presented,reqs_rejected,reqs_abandonned,obj_cost,in_transit_carried_over,solve_time_seconds,mip_gap,node_count,solve_status
0,5,0,0,36.670474776677224,5,79.20989513397217,0.0,128850.0,2
10,11,0,0,105.61707562959015,15,480.02777099609375,0.5257357891308228,221866.0,9
20,7,7,0,715.3072999997296,10,1.2814669609069824,inf,0.0,10
30,21,13,0,1185.8319500000018,14,480.03148102760315,0.31647602315925794,21197.0,9
40,20,13,0,1418.6117499999568,20,480.0364179611206,0.8302986404118865,25628.0,9
50,18,18,5,82579.02995533304,15,26.329719066619873,0.9824331235389351,0.0,10
60,24,22,6,6838.234923791225,16,480.0339710712433,0.8529158729166969,6849.0,9
