time_step,new_reqs_presented,reqs_rejected,reqs_abandonned,obj_cost,in_transit_carried_over,solve_time_seconds,mip_gap,node_count,solve_status
0,4,0,0,35.98419020724699,3,32.941824197769165,0.0,2560.0,2
10,7,4,0,195.86839999999884,6,480.01015400886536,0.7422708456529283,574806.0,9
20,14,8,0,475.31973977620305,10,480.0139479637146,0.8479628166789581,299056.0,9
30,14,12,0,842.7823911928974,12,480.01596689224243,0.6797472704438808,221905.0,9
40,13,13,2,3481.4088986794977,12,480.014760017395,0.801464774389765,272576.0,9
50,13,13,4,7045.408890698497,12,480.021311044693,0.8170033650599071,265552.0,9
60,18,16,3,10969.58679108728,14,480.02513909339905,0.8303030264883527,145610.0,9
