time_step,new_reqs_presented,reqs_rejected,reqs_abandonned,obj_cost,in_transit_carried_over,solve_time_seconds,mip_gap,node_count,solve_status
0,4,0,0,35.98417964750177,3,33.14665389060974,0.02582167351297134,2245.0,2
10,7,4,0,195.86839528575186,6,480.00510597229004,0.734043747229301,571860.0,9
20,14,8,0,475.3194567261379,10,480.0218641757965,0.8438713556120231,325702.0,9
30,14,12,0,847.9099703666868,12,480.0211718082428,0.6825038719837387,251803.0,9
40,13,13,2,4152.195680319125,12,480.0193901062012,0.8325497205428812,280232.0,9
50,13,13,4,7800.561699999879,12,480.0365869998932,0.8344152573513389,292985.0,9
