time_step,new_reqs_presented,reqs_rejected,reqs_abandonned,obj_cost,in_transit_carried_over,solve_time_seconds,mip_gap,node_count,solve_status
0,6,1,0,60.045900000000536,4,185.09339499473572,2.3698602850598292e-12,375558.0,2
10,9,5,0,770.1642496368311,8,480.0157310962677,0.9625615889878976,504804.0,9
20,15,12,1,2080.2034467354715,10,480.0180289745331,0.9844449851310093,247117.0,9
30,16,15,0,4546.378449999751,11,480.04347920417786,0.9948766301834138,190866.0,9
40,19,19,2,6904.663799999955,11,480.02437591552734,0.9923724309629639,137930.0,9
50,19,19,10,9047.728499999801,11,480.02359795570374,0.9537289719191492,115150.0,9
60,25,24,2,12581.66964999809,9,480.0339660644531,0.8986352389415453,16903.0,9
