time_step,new_reqs_presented,reqs_rejected,reqs_abandonned,obj_cost,in_transit_carried_over,solve_time_seconds,mip_gap,node_count,solve_status
0,18,9,0,2409.587099999867,8,120.025062084198,0.993356445136265,63881.0,9
10,16,13,0,3033.6143999999954,8,120.01183199882507,0.9924558021997354,21568.0,9
20,21,16,6,3548.530599999997,8,120.0252001285553,0.9949704731304846,2402.0,9
30,21,17,2,4001.217599999946,11,120.02326202392578,0.995013467902296,2228.0,9
