time_step,new_reqs_presented,reqs_rejected,reqs_abandonned,obj_cost,in_transit_carried_over,solve_time_seconds,mip_gap,node_count,solve_status
0,1,0,0,14.071799999999998,1,0.009892940521240234,0.0,0.0,2
10,4,1,0,52.968893174778856,3,33.94308400154114,6.792538795614158e-11,8720.0,2
20,5,2,0,79.11109162065227,5,326.5957660675049,0.024714976611595663,661224.0,2
30,10,6,0,185.84789498491256,8,480.0128450393677,0.8364857490809874,346504.0,9
40,12,11,1,620.8940434283122,8,480.03756499290466,0.8005164327713353,335025.0,9
50,24,23,1,2247.090449999964,8,480.0531041622162,0.8160363780768053,95628.0,9
60,27,26,3,3679.3637499999695,8,480.0370810031891,0.6996869614502467,50814.0,9
