time_step,new_reqs_presented,reqs_rejected,reqs_abandonned,obj_cost,in_transit_carried_over,solve_time_seconds,mip_gap,node_count,solve_status
0,1,0,0,14.79,1,0.024645090103149414,0.0,0.0,2
10,4,1,0,51.46527871298486,3,33.73218393325806,0.0,6371.0,2
20,5,2,0,78.3241,4,131.5650360584259,0.0,219610.0,2
30,10,4,0,171.39808413667282,10,480.02327489852905,0.8277245912710784,360070.0,9
40,10,10,1,897.3878776621174,9,480.02501106262207,0.855605314776578,421452.0,9
50,23,22,1,2743.3375999999253,8,480.0258710384369,0.7955032361489115,141291.0,9
60,28,27,1,4036.178544065919,8,480.05951714515686,0.823811249860188,34632.0,9
