time_step,new_reqs_presented,reqs_rejected,reqs_abandonned,obj_cost,in_transit_carried_over,solve_time_seconds,mip_gap,node_count,solve_status
0,4,1,0,45.0822,2,33.13755011558533,0.0,2913.0,2
10,12,5,0,179.8803999999972,8,480.0178999900818,0.8551720903292394,226434.0,9
20,10,8,1,263.0548961519541,10,480.01525497436523,0.8858439986404152,360003.0,9
30,17,15,0,1651.677249999889,10,480.0266740322113,0.9039571428278682,160287.0,9
40,14,12,4,1793.372549999971,11,480.036896944046,0.9538153306563333,243467.0,9
50,18,16,3,2802.577349999181,9,480.0336241722107,0.7522132309309476,176064.0,9
60,20,18,6,4492.226599999912,9,480.0227541923523,0.6271981096956402,178832.0,9
