time_step,new_reqs_presented,reqs_rejected,reqs_abandonned,obj_cost,in_transit_carried_over,solve_time_seconds,mip_gap,node_count,solve_status
0,4,0,0,43.10319111021522,4,31.248139142990112,0.0,1283.0,2
10,11,5,0,374.84964061422653,10,480.0081479549408,0.9345867617433182,418225.0,9
20,11,10,0,2551.2107499998015,11,480.0161221027374,0.9420966134585097,305965.0,9
30,19,19,0,5710.928599999845,11,480.0327489376068,0.9247838006226008,161258.0,9
40,17,16,5,6527.110149999626,11,480.02232003211975,0.8876428718669649,179121.0,9
50,21,21,4,7987.783499999858,7,480.02861499786377,0.7011467262135497,118471.0,9
60,22,18,9,7862.659288380632,8,480.0328049659729,0.7439163156601469,131629.0,9
