time_step,new_reqs_presented,reqs_rejected,reqs_abandonned,obj_cost,in_transit_carried_over,solve_time_seconds,mip_gap,node_count,solve_status
0,6,1,0,71.53575121520234,4,162.81148409843445,0.017422672478836644,291371.0,2
10,3,1,0,229.42139976936866,6,35.883917808532715,0.0,6668.0,2
20,6,4,1,959.6578288676773,7,480.0073239803314,0.6925914814387781,740144.0,9
30,12,11,0,2159.3336999999788,7,480.0092570781708,0.6577028862148051,462609.0,9
40,17,17,0,2861.975799999991,7,480.0173988342285,0.757387244507159,296166.0,9
