time_step,new_reqs_presented,reqs_rejected,reqs_abandonned,obj_cost,in_transit_carried_over,solve_time_seconds,mip_gap,node_count,solve_status
0,6,3,0,76.9653,2,77.64901900291443,0.0,90442.0,2
10,5,3,0,88.15349849031588,4,40.69519519805908,5.056703345193114e-11,12427.0,2
20,6,3,3,296.9159841067005,5,480.10041093826294,0.34315716350985975,605155.0,9
30,11,10,0,284.2721999999967,6,480.0234110355377,0.9232291042353132,416799.0,9
40,16,16,0,813.913589619465,6,480.02454590797424,0.9737562615223502,294477.0,9
