time_step,new_reqs_presented,reqs_rejected,reqs_abandonned,obj_cost,in_transit_carried_over,solve_time_seconds,mip_gap,node_count,solve_status
0,5,1,0,42.303700000000006,2,33.92854595184326,0.0,14227.0,2
10,7,1,0,100.57899351477437,7,480.0290129184723,0.5064826183865737,621807.0,9
20,11,11,0,659.6015939608287,5,480.03621006011963,0.7856234168400343,372071.0,9
30,17,15,1,838.1217670370801,5,480.05135893821716,0.9742492878559176,237138.0,9
40,20,18,0,1213.467287968454,7,480.0640058517456,0.9358757948411968,143379.0,9
50,18,15,7,1757.247399999985,9,480.07989382743835,0.3315923593364726,188998.0,9
60,13,13,7,2797.008049999936,9,480.0325300693512,0.524780781471548,275580.0,9
