time_step,new_reqs_presented,reqs_rejected,reqs_abandonned,obj_cost,in_transit_carried_over,solve_time_seconds,mip_gap,node_count,solve_status
0,6,1,0,61.04708878615841,5,220.18039298057556,0.04886042183954905,453590.0,2
10,5,3,0,145.55658905714702,5,480.0085639953613,0.6456885689790702,764727.0,9
20,9,7,1,318.3118768887151,5,480.0108358860016,0.741219287296082,393390.0,9
30,11,11,0,784.5457371790478,4,480.1185040473938,0.6063075569018751,378729.0,9
40,13,10,1,1390.4847239205924,7,480.0097670555115,0.9758255516610581,348392.0,9
50,15,15,4,2743.60699659696,7,480.022038936615,0.9631694706972561,256537.0,9
60,16,15,6,4673.765244389406,7,480.0231499671936,0.9159864959815938,277542.0,9
