time_step,new_reqs_presented,reqs_rejected,reqs_abandonned,obj_cost,in_transit_carried_over,solve_time_seconds,mip_gap,node_count,solve_status
0,4,1,0,53.618700000000004,2,34.95901703834534,0.0,9884.0,2
10,10,3,0,142.11833672653864,9,480.0150327682495,0.769582630309391,334329.0,9
20,11,10,1,486.1858943096173,10,480.014132976532,0.7560457866861408,368294.0,9
30,14,14,0,2020.5012770354942,8,480.01996994018555,0.6754046003166242,261666.0,9
40,23,18,2,3759.1594499998055,12,480.0325860977173,0.8115342060221318,130525.0,9
50,21,20,4,5638.57544999995,12,480.02763509750366,0.8209023859223583,89937.0,9
60,20,18,7,7988.758949999576,13,480.0258882045746,0.8351408689250104,116959.0,9
