time_step,new_reqs_presented,reqs_rejected,reqs_abandonned,obj_cost,in_transit_carried_over,solve_time_seconds,mip_gap,node_count,solve_status
0,4,1,0,59.3102802329402,3,33.66329002380371,0.0,8154.0,2
10,10,5,0,157.9023999999999,7,480.093966960907,0.8149829599381221,426448.0,9
20,13,11,1,770.0955933168207,9,480.0176680088043,0.8510388819854933,326275.0,9
30,15,15,0,2628.127899999969,9,480.03007411956787,0.843423720003677,248816.0,9
40,23,22,3,5888.697349999664,10,480.04922795295715,0.8797615835534618,117894.0,9
50,26,24,3,8678.15254999965,12,480.029904127121,0.8842458665484316,52844.0,9
