time_step,new_reqs_presented,reqs_rejected,reqs_abandonned,obj_cost,in_transit_carried_over,solve_time_seconds,mip_gap,node_count,solve_status
0,18,18,0,3891.5999999999985,0,240.01563000679016,0.9950109477250146,5525.0,9
10,25,25,0,5404.999999999997,0,240.028746843338,0.9971207215541166,2836.0,9
20,26,26,13,5621.199999999997,0,240.05326294898987,0.997736062394451,2348.0,9
30,28,28,5,6053.599999999997,0,240.05248498916626,0.9975874911898155,1959.0,9
40,33,33,5,7134.599999999996,0,240.07651209831238,0.9977391926316822,1233.0,9
50,32,32,13,6918.399999999996,0,240.06384086608887,0.9973354072881013,1224.0,9
60,36,36,8,7783.199999999995,0,240.09611797332764,0.9991309444273135,906.0,9
