time_step,new_reqs_presented,reqs_rejected,reqs_abandonned,obj_cost,in_transit_carried_over,solve_time_seconds,mip_gap,node_count,solve_status
0,5,1,0,56.05217482852335,4,42.19989585876465,0.0,28559.0,2
10,7,2,0,92.02989999999991,6,104.51096105575562,0.04168952969675584,142891.0,2
20,13,10,1,571.9294846194119,8,480.0388808250427,0.45210118611300987,221796.0,9
30,17,17,0,499.57444999998035,7,480.0720181465149,0.8874590616800413,128703.0,9
40,26,26,0,1055.7882999914527,2,2.4166159629821777,inf,0.0,10
50,25,15,8,1226.042893929954,11,480.02530884742737,0.26467280620842415,68884.0,9
60,13,12,9,975.1136880881775,7,480.04028606414795,0.9342575750577217,156051.0,9
