time_step,new_reqs_presented,reqs_rejected,reqs_abandonned,obj_cost,in_transit_carried_over,solve_time_seconds,mip_gap,node_count,solve_status
0,18,9,0,2171.390399999852,8,300.04631781578064,0.9922448497142895,30019.0,9
10,16,14,0,3754.525899999979,6,300.00956296920776,0.9934607788417931,9526.0,9
20,20,11,8,3165.9665999997887,12,300.0319399833679,0.9948454296896856,5009.0,9
