time_step,new_reqs_presented,reqs_rejected,reqs_abandonned,obj_cost,in_transit_carried_over,solve_time_seconds,mip_gap,node_count,solve_status
0,7,1,0,63.604239390940904,6,480.0068280696869,0.39939016967456414,926280.0,9
10,9,6,0,205.78621883060111,7,480.0110228061676,0.8239450375575823,380253.0,9
20,11,11,1,1084.1908249976614,7,480.03756308555603,0.8729728872389766,344005.0,9
30,20,18,0,3148.4705461236417,9,480.0192680358887,0.7884200660082437,135266.0,9
40,20,20,5,5459.579249999916,9,480.0279519557953,0.7688646208006831,147446.0,9
50,27,27,6,8090.540799999955,9,480.030730009079,0.7568428532323802,15007.0,9
60,31,31,3,10590.316799999766,9,480.0292959213257,0.7298584170733531,1828.0,9
