time_step,new_reqs_presented,reqs_rejected,reqs_abandonned,obj_cost,in_transit_carried_over,solve_time_seconds,mip_gap,node_count,solve_status
0,7,1,0,68.82390786591856,6,480.00386595726013,0.46326790870454787,805159.0,9
10,9,6,0,201.9789499999975,7,480.0132579803467,0.8231498257615439,327076.0,9
20,11,10,1,884.5878059522652,8,480.015830039978,0.8421325850512212,460435.0,9
30,19,18,0,2680.5538514562713,9,480.22845816612244,0.7508890252300958,157722.0,9
40,20,20,5,5156.407929470428,9,480.049439907074,0.7558354009890801,135986.0,9
50,28,28,5,7968.555949999964,9,480.0271701812744,0.7680930448243481,12887.0,9
60,31,30,4,11021.294499999642,10,480.02351689338684,0.7793679502471044,12138.0,9
