time_step,new_reqs_presented,reqs_rejected,reqs_abandonned,obj_cost,in_transit_carried_over,solve_time_seconds,mip_gap,node_count,solve_status
0,18,9,0,216.59710000000013,7,120.0151219367981,0.9234993222504698,5175.0,9
10,16,13,0,385.3165999999744,8,120.02674698829651,0.9416248808586716,11350.0,9
20,20,18,7,669.2356999999864,9,120.02946400642395,0.8675144146844328,2004.0,9
30,23,22,2,1566.506799999966,8,120.01706099510193,0.43636320721279004,1807.0,9
40,29,29,3,2500.430899999982,5,123.89649987220764,0.5502384272683095,1811.0,9
50,32,29,9,2512.0245966755924,8,120.0396420955658,0.8845963086800729,287.0,9
60,33,33,8,4524.324599999743,8,120.05624890327454,0.8276739520137343,1110.0,9
