time_step,new_reqs_presented,reqs_rejected,reqs_abandonned,obj_cost,in_transit_carried_over,solve_time_seconds,mip_gap,node_count,solve_status
0,18,9,0,216.23849999961038,7,120.01714205741882,0.9283551324309922,7213.0,9
10,16,15,0,358.6354000000014,5,120.01738905906677,0.9393651091500671,6252.0,9
20,23,18,6,805.7933999999977,9,120.01700401306152,0.7259837485055308,1928.0,9
30,22,20,3,1381.7773999999758,9,120.02707195281982,0.4618617296823567,1878.0,9
40,25,24,5,1515.865199999988,6,121.48120188713074,0.5150386282583125,1829.0,9
50,28,27,8,1297.4340999999645,5,123.22258400917053,0.778207185157906,1993.0,9
60,32,32,7,1222.1232999999952,4,120.01823711395264,0.9932643692347003,1405.0,9
