time_step,new_reqs_presented,reqs_rejected,reqs_abandonned,obj_cost,in_transit_carried_over,solve_time_seconds,mip_gap,node_count,solve_status
0,18,7,0,1750.0884724419639,9,480.04062509536743,0.9913862514006591,60707.0,9
10,14,10,0,2467.403598644844,8,480.0520279407501,0.989422673731147,36025.0,9
20,19,12,5,2698.739699999984,11,480.0305380821228,0.9938925233940377,6058.0,9
30,17,15,2,4655.520789404989,10,480.0433897972107,0.9955750225458379,19843.0,9
40,23,22,2,4842.9559999999965,4,480.02389693260193,0.9959864827390552,4837.0,9
50,28,22,6,5168.718684906351,8,480.05171489715576,0.9965265413846064,7298.0,9
60,28,25,6,5919.519899999948,9,480.06618213653564,0.9964845663064905,3874.0,9
