time_step,new_reqs_presented,reqs_rejected,reqs_abandonned,obj_cost,in_transit_carried_over,solve_time_seconds,mip_gap,node_count,solve_status
0,6,1,0,51.280663687837034,5,127.32757687568665,0.0,263484.0,2
10,11,6,0,186.62365633691547,8,480.05224609375,0.8079423899626218,320599.0,9
20,15,13,1,335.35149791988533,8,480.0164489746094,0.8227272626122049,272887.0,9
30,17,12,0,783.6900942412335,12,480.02377104759216,0.40330784898956357,206010.0,9
40,13,9,4,1476.1489722198917,9,480.04117703437805,0.20710428423338437,247309.0,9
50,13,12,5,618.6798939221076,9,480.0368938446045,0.457439930651785,207405.0,9
60,16,15,2,1204.0959357354402,7,480.0235149860382,0.3841102929228341,245108.0,9
