time_step,new_reqs_presented,reqs_rejected,reqs_abandonned,obj_cost,in_transit_carried_over,solve_time_seconds,mip_gap,node_count,solve_status
0,5,0,0,36.31153047747743,5,85.67373991012573,0.0,137397.0,2
10,11,2,0,156.8119225507591,11,480.04737615585327,0.6858109922289367,215040.0,9
20,9,7,0,454.80678778654874,11,480.02105498313904,0.45378357579003464,250156.0,9
30,21,18,0,795.9403499999751,12,480.0987870693207,0.9416639730183942,23885.0,9
40,23,21,2,1667.2700499998728,11,480.1006829738617,0.6218983923068473,5107.0,9
50,27,27,4,2605.0116499995047,5,7.866615056991577,inf,0.0,10
60,30,18,9,774.9894999999797,14,480.08252000808716,0.9439456910759881,1837.0,9
