time_step,new_reqs_presented,reqs_rejected,reqs_abandonned,obj_cost,in_transit_carried_over,solve_time_seconds,mip_gap,node_count,solve_status
0,6,1,0,68.2743901250441,5,167.17371201515198,0.033779663355240276,272211.0,2
10,10,8,0,603.8727932759834,6,480.0167808532715,0.952109075177715,539522.0,9
20,16,11,1,1311.543991427685,10,480.0168478488922,0.9783119988935194,250403.0,9
30,15,14,0,2645.7745480891012,10,480.0209639072418,0.8922806760045804,263588.0,9
40,11,11,7,4588.983373886348,10,480.0324659347534,0.9934233242623121,367019.0,9
50,14,11,4,5063.179085076718,12,480.01720094680786,0.9402564776158552,312828.0,9
60,17,16,2,7582.152249999493,11,480.0262269973755,0.9075915409265136,73066.0,9
