time_step,new_reqs_presented,reqs_rejected,reqs_abandonned,obj_cost,in_transit_carried_over,solve_time_seconds,mip_gap,node_count,solve_status
0,6,1,0,60.045900000000536,4,106.26909708976746,0.029298740361391955,173906.0,2
10,9,5,0,770.1642424728466,8,480.0795269012451,0.963088072878829,489858.0,9
20,15,13,1,2085.273649999985,9,480.0202350616455,0.9846806730985642,265528.0,9
30,17,14,0,3307.5966499999727,12,480.02830815315247,0.9930274287114784,247664.0,9
40,18,18,2,5043.858499972322,9,120.01011610031128,0.9199831081696255,1848.0,9
50,18,15,10,6155.391849999941,10,480.020849943161,0.9528427606832776,202112.0,9
