time_step,new_reqs_presented,reqs_rejected,reqs_abandonned,obj_cost,in_transit_carried_over,solve_time_seconds,mip_gap,node_count,solve_status
0,18,18,0,3891.5999999999985,0,120.00838017463684,0.9967164427726275,6809.0,9
10,25,25,0,5404.999999999997,0,120.02322602272034,0.9996791489361703,2464.0,9
20,26,26,13,5621.199999999997,0,120.04176616668701,0.9989478714509358,2288.0,9
30,28,28,5,6053.599999999997,0,120.03164911270142,0.9983485718425773,1950.0,9
40,33,33,5,7134.599999999996,0,120.05623984336853,0.9985316170566462,1459.0,9
50,32,32,13,6918.399999999996,0,120.0443799495697,0.998639209692029,1385.0,9
60,36,36,8,7783.199999999995,0,120.05953598022461,0.9996731774848392,1400.0,9
