time_step,new_reqs_presented,reqs_rejected,reqs_abandonned,obj_cost,in_transit_carried_over,solve_time_seconds,mip_gap,node_count,solve_status
0,6,1,0,68.27438775882062,5,117.79719281196594,2.0292720522051254e-11,202737.0,2
10,10,8,0,603.8727886530302,6,480.0136511325836,0.9513078051039402,517101.0,9
20,16,11,1,1311.5439887995271,10,480.01970505714417,0.977521663413287,313346.0,9
30,15,14,0,2645.774502134471,10,480.0147681236267,0.892787165938096,261667.0,9
40,11,11,7,4469.4371424010415,10,480.0352201461792,0.9935676487677692,373750.0,9
50,14,12,4,5067.722999999814,11,480.0285048484802,0.9401303584925916,310349.0,9
60,18,16,2,7240.14664999994,11,480.0278489589691,0.9031951299500363,154298.0,9
