time_step,new_reqs_presented,reqs_rejected,obj_cost,in_transit_carried_over
0.0,12.0,0.0,2664.7000000000007,
10.0,11.0,2.0,6132.200000000001,
20.0,7.0,0.0,3434.899999722169,
30.0,8.0,2.0,262307.1999990223,
40.0,5.0,0.0,4840.800000000003,
50.0,6.0,2.0,5699.099732294715,
