time_step,new_reqs_presented,reqs_rejected,obj_cost,in_transit_carried_over
0.0,7.0,0.0,2251.7,
10.0,9.0,2.0,5732.1,
20.0,15.0,8.0,27807.1,
30.0,6.0,4.0,106113.9999999937,
40.0,9.0,7.0,19249.500000004293,
50.0,11.0,6.0,11041.499999997355,
