time_step,new_reqs_presented,reqs_rejected,reqs_abandonned,obj_cost,in_transit_carried_over,solve_time_seconds,mip_gap,node_count,solve_status
0,18,9,0,2162.9723999997295,7,180.0350739955902,0.9924590205408418,6482.0,9
10,16,10,0,2497.4976999998,8,180.04102683067322,0.9912563683241824,6813.0,9
20,19,14,5,3275.608499999993,9,180.03644514083862,0.9940712067527133,2473.0,9
30,19,18,2,4345.939199999642,8,180.0202169418335,0.9957674588115112,2958.0,9
40,26,24,2,5294.872892893004,5,180.11852097511292,0.9968182430903468,2172.0,9
50,28,22,8,5017.072299999927,10,180.1338460445404,0.9966783780667853,522.0,9
