time_step,new_reqs_presented,reqs_rejected,reqs_abandonned,obj_cost,in_transit_carried_over,solve_time_seconds,mip_gap,node_count,solve_status
0,5,1,0,60.30329999999999,4,46.95715093612671,6.450609827822663e-08,37938.0,2
10,8,6,0,189.23000000000098,4,480.0154399871826,0.7756582158257552,464180.0,9
20,11,8,0,315.27453408365443,6,480.0143129825592,0.8435554054668416,370164.0,9
30,20,17,1,731.8571333779608,7,480.0333070755005,0.6507435346330287,159112.0,9
40,14,13,5,634.8955963102305,7,480.0353801250458,0.7529689202431302,280109.0,9
50,23,21,1,1896.136849999728,9,480.0237159729004,0.7639658795532217,85581.0,9
60,22,21,7,3279.3416999999,9,480.03083300590515,0.6846408545529048,121962.0,9
