time_step,new_reqs_presented,reqs_rejected,reqs_abandonned,obj_cost,in_transit_carried_over,solve_time_seconds,mip_gap,node_count,solve_status
0,5,1,0,60.30328967011317,4,43.65213084220886,0.0,29278.0,2
10,8,6,0,189.22999874038814,4,480.00898909568787,0.770659513349469,455145.0,9
20,11,9,0,316.80454326538916,5,480.01488399505615,0.8462279404313853,443972.0,9
30,21,17,1,645.1929045619337,7,480.03416109085083,0.606584351756152,173536.0,9
40,14,13,5,523.9482438580491,7,480.0153021812439,0.6994856817586702,268387.0,9
50,22,21,2,1755.7656407447062,7,480.05002188682556,0.7443339450831781,122251.0,9
60,22,22,7,3156.0955499998954,7,480.03564190864563,0.7526261974656081,169361.0,9
